{"cameraMode":{"drawMode":0,"name":"Shaded","section":"Shading Mode"},"sceneLighting":false,"audioPlay":false,"sceneViewState":{"showFog":true,"showMaterialUpdate":false,"showSkybox":false,"showFlares":true,"showImageEffects":true,"showParticleSystems":true},"in2DMode":false,"pivot":{"x":1.967774510383606,"y":2.043736219406128,"z":0.4518841505050659},"rotation":{"x":0.11750134080648422,"y":-0.20288467407226563,"z":0.024508768692612649,"w":0.9718877673149109},"size":0.7434610724449158,"orthographic":false}