{"cameraMode":{"drawMode":0,"name":"Shaded","section":"Shading Mode"},"sceneLighting":true,"audioPlay":false,"sceneViewState":{"showFog":true,"showMaterialUpdate":false,"showSkybox":true,"showFlares":true,"showImageEffects":true,"showParticleSystems":true},"in2DMode":false,"pivot":{"x":-22.11383628845215,"y":-14.345244407653809,"z":4.253521919250488},"rotation":{"x":-0.15279679000377656,"y":0.8044695854187012,"z":-0.23465107381343842,"w":-0.5238482356071472},"size":19.357879638671876,"orthographic":false}